{"dataset_results": {"video_bbox_mAP_50_95": 0.25926449787835926, "video_mask_mAP_50_95": 0.34191419141914187, "video_bbox_phrase_ap_50_95": 0.1371423984673839, "video_bbox_phrase_ap_50": 0.3000915217572178, "video_bbox_phrase_ap_75": 0.08651579443658651, "video_mask_phrase_ap_50_95": 0.1935287184180603, "video_mask_phrase_ap_50": 0.3513242920930748, "video_mask_phrase_ap_75": 0.18776520509193778, "video_mask_teta": 50.647, "video_mask_loc_a": 50.969, "video_mask_assoc_a": 49.191, "video_mask_cls_a": 51.781, "video_mask_loc_re": 53.646, "video_mask_loc_pr": 59.689, "video_mask_assoc_re": 53.932, "video_mask_assoc_pr": 55.295, "video_mask_cls_re": 69.966, "video_mask_cls_pr": 51.792, "video_bbox_all_phrase_HOTA": 0.45019177261810006, "video_bbox_all_phrase_DetA": 0.3065446597162029, "video_bbox_all_phrase_AssA": 0.6620514646913795, "video_bbox_all_phrase_DetRe": 0.34337909467405614, "video_bbox_all_phrase_DetPr": 0.672412162481676, "video_bbox_all_phrase_AssRe": 0.7418235522588219, "video_bbox_all_phrase_AssPr": 0.7588797497822176, "video_bbox_all_phrase_LocA": 0.8264969431924951, "video_bbox_all_phrase_OWTA": 0.4767458776352726, "video_mask_all_phrase_HOTA": 0.4656079602771566, "video_mask_all_phrase_DetA": 0.31732796518831874, "video_mask_all_phrase_AssA": 0.6843555199075559, "video_mask_all_phrase_DetRe": 0.35291773825479045, "video_mask_all_phrase_DetPr": 0.6910909348843808, "video_mask_all_phrase_AssRe": 0.7573349011890161, "video_mask_all_phrase_AssPr": 0.7716315286320553, "video_mask_all_phrase_LocA": 0.8328852506118952, "video_mask_all_phrase_OWTA": 0.4913272309590218, "video_bbox_demo_precision_50_95": 0.3349983250083749, "video_bbox_demo_recall_50_95": 0.20302968778882485, "video_bbox_demo_f1_50_95": 0.2527916520815702, "video_bbox_demo_precision_50": 0.6499967500162499, "video_bbox_demo_recall_50": 0.3939382001872721, "video_bbox_demo_f1_50": 0.49051719921648634, "video_bbox_demo_precision_75": 0.29999850000749995, "video_bbox_demo_recall_75": 0.18181763085566405, "video_bbox_demo_f1_75": 0.2263672578625684, "video_bbox_demo_pmf1_50_95": 0.34412433298399697, "video_bbox_demo_ilmcc_50_95": 0.6546535992794136, "video_bbox_demo_cgf1_50_95": 0.22528223318760104, "video_bbox_demo_pmf1_w0dt_50_95": 0.29496371398628307, "video_bbox_demo_cgf1_w0dt_50_95": 0.19309905701794375, "video_bbox_demo_positive_micro_f1_50_95": 0.2527916520815702, "video_bbox_demo_cgf1_micro_50_95": 0.1654909649029892, "video_bbox_demo_pmf1_50": 0.6499302549834214, "video_bbox_demo_ilmcc_50": 0.6546535992794136, "video_bbox_demo_cgf1_50": 0.42547918070548385, "video_bbox_demo_positive_micro_f1_50": 0.49051719921648634, "video_bbox_demo_cgf1_micro_50": 0.3211188499755299, "video_bbox_demo_pmf1_75": 0.3666121729955099, "video_bbox_demo_ilmcc_75": 0.6546535992794136, "video_bbox_demo_cgf1_75": 0.2400039785911576, "video_bbox_demo_positive_micro_f1_75": 0.2263672578625684, "video_bbox_demo_cgf1_micro_75": 0.14819214011874154, "video_mask_demo_precision_50_95": 0.4049979750101249, "video_mask_demo_recall_50_95": 0.24545380165514646, "video_mask_demo_f1_50_95": 0.30562163642146994, "video_mask_demo_precision_50": 0.6999965000174999, "video_mask_demo_recall_50": 0.4242411386632161, "video_mask_demo_f1_50": 0.5282529055527269, "video_mask_demo_precision_75": 0.39999800000999997, "video_mask_demo_recall_75": 0.24242350780755206, "video_mask_demo_f1_75": 0.3018386687406093, "video_mask_demo_pmf1_50_95": 0.42578319170459134, "video_mask_demo_ilmcc_50_95": 0.6546535992794136, "video_mask_demo_cgf1_50_95": 0.2787404989620873, "video_mask_demo_pmf1_w0dt_50_95": 0.3649570214610783, "video_mask_demo_cgf1_w0dt_50_95": 0.23892042768178906, "video_mask_demo_positive_micro_f1_50_95": 0.30562163642146994, "video_mask_demo_cgf1_micro_50_95": 0.2000763043009796, "video_mask_demo_pmf1_50": 0.691595879731724, "video_mask_demo_ilmcc_50": 0.6546535992794136, "video_mask_demo_cgf1_50": 0.4527557319131855, "video_mask_demo_positive_micro_f1_50": 0.5282529055527269, "video_mask_demo_cgf1_micro_50": 0.34582266594990074, "video_mask_demo_pmf1_75": 0.44161046360299766, "video_mask_demo_ilmcc_75": 0.6546535992794136, "video_mask_demo_cgf1_75": 0.2891018794771529, "video_mask_demo_positive_micro_f1_75": 0.3018386687406093, "video_mask_demo_cgf1_micro_75": 0.19759977089274647}, "video_np_results": [{"video_id": 0, "category_id": 847, "bbox_HOTA": 0.5142922923345529, "bbox_DetA": 0.4728133947307452, "bbox_AssA": 0.5594614107579609, "bbox_DetRe": 0.5232999318999904, "bbox_DetPr": 0.6740601503759398, "bbox_AssRe": 0.6250872094372617, "bbox_AssPr": 0.6825128274969564, "bbox_LocA": 0.7656278351108177, "bbox_OWTA": 0.5404796613713161, "mask_HOTA": 0.5531074184495137, "mask_DetA": 0.5015830888530848, "mask_AssA": 0.6104397175171865, "mask_DetRe": 0.5479132211304601, "mask_DetPr": 0.7057644110275689, "mask_AssRe": 0.6703397116425474, "mask_AssPr": 0.7231025840584305, "mask_LocA": 0.7775805526027232, "mask_OWTA": 0.5779237956098605, "bbox_TP_50_95": 0.8, "bbox_FP_50_95": 3.2, "bbox_FN_50_95": 3.2, "bbox_F1_50_95": 0.2, "bbox_TP_50": 2.0, "bbox_FP_50": 2.0, "bbox_FN_50": 2.0, "bbox_F1_50": 0.5, "bbox_TP_75": 0.0, "bbox_FP_75": 4.0, "bbox_FN_75": 4.0, "bbox_F1_75": 0.0, "mask_TP_50_95": 1.4, "mask_FP_50_95": 2.6, "mask_FN_50_95": 2.6, "mask_F1_50_95": 0.35, "mask_TP_50": 3.0, "mask_FP_50": 1.0, "mask_FN_50": 1.0, "mask_F1_50": 0.75, "mask_TP_75": 0.0, "mask_FP_75": 4.0, "mask_FN_75": 4.0, "mask_F1_75": 0.0}, {"video_id": 0, "category_id": 1390, "bbox_HOTA": 0.7406733177321637, "bbox_DetA": 0.7406733177321637, "bbox_AssA": 0.7406733177321637, "bbox_DetRe": 0.8079854809437387, "bbox_DetPr": 0.8428625520636122, "bbox_AssRe": 0.8079854809437387, "bbox_AssPr": 0.8428625520636122, "bbox_LocA": 0.8823614751992302, "bbox_OWTA": 0.7727325543244231, "mask_HOTA": 0.8154208948182305, "mask_DetA": 0.8154208948182305, "mask_AssA": 0.8154208948182304, "mask_DetRe": 0.8508166969147005, "mask_DetPr": 0.8875425975009466, "mask_AssRe": 0.8508166969147005, "mask_AssPr": 0.8875425975009466, "mask_LocA": 0.8885850303003239, "mask_OWTA": 0.8323023646534773, "bbox_TP_50_95": 0.6, "bbox_FP_50_95": 0.4, "bbox_FN_50_95": 0.4, "bbox_F1_50_95": 0.6, "bbox_TP_50": 1.0, "bbox_FP_50": 0.0, "bbox_FN_50": 0.0, "bbox_F1_50": 1.0, "bbox_TP_75": 1.0, "bbox_FP_75": 0.0, "bbox_FN_75": 0.0, "bbox_F1_75": 1.0, "mask_TP_50_95": 0.8, "mask_FP_50_95": 0.2, "mask_FN_50_95": 0.2, "mask_F1_50_95": 0.8, "mask_TP_50": 1.0, "mask_FP_50": 0.0, "mask_FN_50": 0.0, "mask_F1_50": 1.0, "mask_TP_75": 1.0, "mask_FP_75": 0.0, "mask_FN_75": 0.0, "mask_F1_75": 1.0}, {"video_id": 0, "category_id": 1985, "bbox_HOTA": 0.6033247555682881, "bbox_DetA": 0.582364339356503, "bbox_AssA": 0.6261229142494006, "bbox_DetRe": 0.731940716536352, "bbox_DetPr": 0.6764452113891285, "bbox_AssRe": 0.7595503987929015, "bbox_AssPr": 0.7140399793949845, "bbox_LocA": 0.8359470620317413, "bbox_OWTA": 0.6767785755234768, "mask_HOTA": 0.6327138779062043, "mask_DetA": 0.607379512629533, "mask_AssA": 0.661378852549867, "mask_DetRe": 0.7515462714435757, "mask_DetPr": 0.6945642795513374, "mask_AssRe": 0.7849752407175019, "mask_AssPr": 0.7406062552585059, "mask_LocA": 0.8390964342806022, "mask_OWTA": 0.70480310037791, "bbox_TP_50_95": 1.5, "bbox_FP_50_95": 2.5, "bbox_FN_50_95": 2.5, "bbox_F1_50_95": 0.375, "bbox_TP_50": 4.0, "bbox_FP_50": 0.0, "bbox_FN_50": 0.0, "bbox_F1_50": 1.0, "bbox_TP_75": 1.0, "bbox_FP_75": 3.0, "bbox_FN_75": 3.0, "bbox_F1_75": 0.25, "mask_TP_50_95": 1.7, "mask_FP_50_95": 2.3, "mask_FN_50_95": 2.3, "mask_F1_50_95": 0.425, "mask_TP_50": 4.0, "mask_FP_50": 0.0, "mask_FN_50": 0.0, "mask_F1_50": 1.0, "mask_TP_75": 1.0, "mask_FP_75": 3.0, "mask_FN_75": 3.0, "mask_F1_75": 0.25}, {"video_id": 0, "category_id": 3802, "bbox_HOTA": 0.47649622572399936, "bbox_DetA": 0.433826727090632, "bbox_AssA": 0.5248504404498464, "bbox_DetRe": 0.6931060044477392, "bbox_DetPr": 0.49540798304486033, "bbox_AssRe": 0.5970635788657445, "bbox_AssPr": 0.6521277350832161, "bbox_LocA": 0.8179341001135264,